y_true,y_pred
23.370000000000005,14.21289133264754
27.17,14.931355738064521
7.069999999999993,9.482268613506259
8.159999999999997,10.61566899249788
9.789999999999992,11.324338075652625
5.459999999999994,10.308888083505767
4.920000000000002,10.97236133332717
0.0,5.816279586854666
12.599999999999994,9.16493257896325
14.329999999999998,9.16493257896325
