{
  "logo_RMSE": 6.943107929358657,
  "logo_MAE": 5.738477004210163,
  "logo_MAPE": 7527106008.995348,
  "logo_R2": -0.8658801480853284,
  "logo_RMSE_std": 3.677242623664779,
  "logo_MAE_std": 3.186848437188185,
  "logo_R2_std": 1.3941570731496373
}